Time_h,Aeration_L/h,Sugar_feed_L/h,Acid_flow_L/h,Base_flow_L/h,WFI_dilution_L/h,Air_pressure_bar,Substrate_conc_g/L,DO_concentration_mg/L,Penicillin_conc_g/L,pH,Temperature_K,Oxygen_Uptake_Rate_g_min,Carbon_evol_rate_g/h
0.2,30.0,8.0,0.0,30.118,0.0,0.6,0.95749,14.711,1.0178000000000001e-25,6.4472,298.22,0.48051,0.034045
0.4,30.0,8.0,0.0,51.221,0.0,0.6,1.0046,14.699,0.001,6.4932,298.17,0.058147,0.038702
0.6,30.0,8.0,0.0,54.302,0.0,0.6,1.0498,14.686,0.00099934,6.5425,298.14,-0.041505,0.04024
0.8,30.0,8.0,0.0,37.816,0.0,0.6,1.0942,14.661,0.00099874,6.5753,298.11,-0.056737,0.041149
1.0,30.0,8.0,0.5181,18.908,0.0,0.6,1.137,14.633,0.00099821,6.5825,298.09,-0.049975,0.041951
1.2,30.0,8.0,1.0387,9.4541,0.0,0.6,1.1782,14.621,0.00099771,6.5717,298.08,-0.045267,0.042758
1.4,30.0,8.0,1.5604,4.727,0.0,0.6,1.2172,14.604,0.00099722,6.5521,298.07,-0.039369,0.043599
1.6,30.0,8.0,2.0823,2.3635,0.0,0.6,1.2544,14.583,0.00099674,6.5287,298.06,-0.031033,0.044478
1.8,30.0,8.0,0.0,0.0,0.0,0.6,1.2891,14.547,0.00099627,6.5061,298.06,-0.016025,0.045398
2.0,30.0,8.0,0.0,0.0,0.0,0.6,1.3218,14.529,0.0009958,6.4844,298.05,-0.0071831,0.046361
2.2,30.0,8.0,0.0,6.7741,0.0,0.6,1.3523,14.509,0.0009953,6.4728,298.05,0.00095122,0.047367
2.4,30.0,8.0,0.0,18.126,0.0,0.6,1.3804,14.496,0.00099477,6.4764,298.05,0.0054429,0.048418
2.6,30.0,8.0,0.0,28.037,0.0,0.6,1.406,14.462,0.00099421,6.4915,298.05,0.018177,0.049515
2.8,30.0,8.0,0.0,31.908,0.0,0.6,1.429,14.434,0.00099363,6.51,298.05,0.030167,0.050658
3.0,30.0,8.0,0.0,28.397,0.0,0.6,1.4495,14.408,0.00099306,6.5233,298.05,0.040673,0.05185
3.2,30.0,15.0,0.0,19.594,0.0,0.6,1.4813,14.372,0.00099251,6.5239,298.06,0.054921,0.053091
3.4,30.0,15.0,0.0,10.588,0.0,0.6,1.5099,14.326,0.00099198,6.5122,298.06,0.074225,0.054382
3.6,30.0,15.0,0.0,6.2774,0.0,0.6,1.5362,14.289,0.00099147,6.4945,298.06,0.091194,0.055722
3.8,30.0,15.0,0.0,9.0006,0.0,0.6,1.5601,14.254,0.00099095,6.4808,298.06,0.10584,0.057114
4.0,30.0,15.0,0.0,17.201,0.0,0.6,1.5812,14.213,0.00099039,6.4791,298.06,0.12264,0.058562
4.2,30.0,15.0,0.0,26.041,0.0,0.6,1.6269,14.168,0.00098981,6.4889,298.06,0.13701,0.060065
4.4,30.0,15.0,0.0,30.979,0.0,0.6,1.6703,14.13,0.00098922,6.5052,298.07,0.15252,0.061618
4.6,30.0,15.0,0.0,29.382,0.0,0.6,1.7103,14.083,0.00098863,6.5188,298.07,0.17099,0.063224
4.8,30.0,15.0,0.0,22.389,0.0,0.6,1.7475,14.049,0.00098806,6.5223,298.07,0.18465,0.064885
5.0,30.0,15.0,0.0,14.017,0.0,0.6,1.7819,14.003,0.00098753,6.5126,298.08,0.20142,0.066604
5.2,30.0,15.0,0.0,9.552,0.0,0.6,1.8122,13.967,0.00098702,6.4954,298.08,0.21438,0.068385
5.4,30.0,15.0,0.0,11.944,0.0,0.6,1.839,13.923,0.00098651,6.4821,298.08,0.22995,0.070228
5.6,30.0,15.0,0.0,19.592,0.0,0.6,1.8633,13.875,0.00098597,6.4792,298.09,0.24847,0.07213
5.8,30.0,15.0,0.0,28.416,0.0,0.6,1.8842,13.83,0.0009854,6.4876,298.09,0.26607,0.074088
6.0,30.0,15.0,0.0,33.855,0.0,0.6,1.9017,13.797,0.00098481,6.5015,298.08,0.2775,0.076105
6.2,30.0,15.0,0.0,33.741,0.0,0.6,1.915,13.745,0.00098423,6.5145,298.08,0.29452,0.078189
6.4,30.0,15.0,0.0,28.466,0.0,0.6,1.9241,13.692,0.00098366,6.5194,298.09,0.31348,0.080341
6.6,30.0,15.0,0.0,21.244,0.0,0.6,1.93,13.648,0.00098312,6.5144,298.09,0.32857,0.082563
6.8,30.0,15.0,0.0,16.017,0.0,0.6,1.9325,13.596,0.00098259,6.5012,298.09,0.34544,0.084854
7.0,30.0,15.0,0.0,16.096,0.0,0.6,1.931,13.527,0.00098207,6.4886,298.08,0.37052,0.087217
7.2,30.0,15.0,0.0,21.177,0.0,0.6,1.9253,13.455,0.00098153,6.482,298.08,0.39836,0.089656
7.4,30.0,15.0,0.0,28.898,0.0,0.6,1.9156,13.401,0.00098096,6.4855,298.08,0.41999,0.092166
7.6,30.0,15.0,0.0,35.196,0.0,0.6,1.9014,13.333,0.00098037,6.4951,298.08,0.444,0.094753
7.8,30.0,15.0,0.0,37.665,0.0,0.6,1.8833,13.276,0.00097977,6.5054,298.08,0.46436,0.097418
8.0,30.0,15.0,0.0,36.02,0.0,0.6,1.8607,13.222,0.00097918,6.5128,298.09,0.48107,0.10016
8.2,42.0,15.0,0.0,31.438,0.0,0.6,1.8336,13.331,0.00097861,6.5144,298.09,0.45819,0.11245
8.4,42.0,15.0,0.0,26.22,0.0,0.6,1.8006,13.254,0.00097805,6.5086,298.1,0.45132,0.11193
8.6,42.0,15.0,0.0,23.338,0.0,0.6,1.7627,13.191,0.00097751,6.4976,298.1,0.46919,0.11456
8.8,42.0,15.0,0.0,24.852,0.0,0.6,1.7182,13.112,0.00097695,6.488,298.11,0.49778,0.11765
9.0,42.0,15.0,0.0,30.166,0.0,0.6,1.6681,13.049,0.00097638,6.4845,298.12,0.51847,0.1209
9.2,42.0,15.0,0.0,36.871,0.0,0.6,1.6111,12.975,0.00097579,6.4847,298.12,0.54284,0.12427
9.4,42.0,15.0,0.0,43.504,0.0,0.6,1.5493,12.919,0.00097518,6.4889,298.13,0.56083,0.12773
9.6,42.0,15.0,0.0,48.433,0.0,0.6,1.4815,12.842,0.00097454,6.4957,298.14,0.58866,0.13129
9.8,42.0,15.0,0.0,50.664,0.0,0.6,1.4079,12.776,0.00097391,6.5042,298.15,0.60956,0.13495
10.0,42.0,15.0,0.0,49.499,0.0,0.6,1.3281,12.693,0.00097327,6.5089,298.15,0.6385,0.13871
10.2,42.0,15.0,0.0,46.488,0.0,0.6,1.2424,12.601,0.00097265,6.5082,298.15,0.672,0.14259
10.4,42.0,15.0,0.0,43.731,0.0,0.6,1.1493,12.516,0.00097204,6.5039,298.15,0.70032,0.1466
10.6,42.0,15.0,0.0,42.712,0.0,0.6,1.0486,12.41,0.00097143,6.498,298.14,0.73895,0.15074
10.8,42.0,15.0,0.0,44.043,0.0,0.6,0.94074,12.309,0.00097082,6.4931,298.14,0.7746,0.15501
11.0,42.0,15.0,0.0,47.308,0.0,0.6,0.82618,12.221,0.00097019,6.4917,298.14,0.80504,0.15942
11.2,42.0,15.0,0.0,51.125,0.0,0.6,0.70488,12.132,0.00096956,6.4931,298.12,0.8343,0.16396
11.4,42.0,15.0,0.0,54.39,0.0,0.6,0.57682,12.033,0.00096891,6.4942,298.08,0.86827,0.16861
11.6,42.0,15.0,0.0,57.231,0.0,0.6,0.44014,11.92,0.00096826,6.495,298.07,0.90697,0.17342
11.8,42.0,15.0,0.0,59.744,0.0,0.6,0.29866,11.855,0.0009676,6.4968,298.06,0.92745,0.17835
12.0,42.0,15.0,0.0,61.535,0.0,0.6,0.15862,11.835,0.00096693,6.5002,298.04,0.93728,0.18335
12.2,42.0,30.0,0.0,61.979,0.0,0.6,0.061676,11.966,0.00096622,6.5075,298.03,0.9102,0.18832
12.4,42.0,30.0,0.0,59.487,0.0,0.6,0.016875,12.564,0.00096551,6.5259,297.97,0.75194,0.19285
12.6,42.0,30.0,0.0,49.612,0.0,0.7,0.013954,13.538,0.00096484,6.5442,297.9,0.6053,0.1965
12.8,42.0,30.0,0.0,32.44,0.0,0.7,0.013902,13.51,0.00096422,6.5424,298.57,0.57759,0.19987
13.0,42.0,30.0,0.0,16.067,0.0,0.7,0.013506,13.478,0.00096365,6.5188,298.34,0.58194,0.20319
13.2,42.0,30.0,0.0,9.1289,0.0,0.7,0.013119,13.456,0.00096311,6.4876,298.17,0.58845,0.20651
13.4,42.0,30.0,0.0,14.632,0.0,0.7,0.012755,13.435,0.00096254,6.4656,298.07,0.59483,0.20981
13.6,42.0,30.0,0.0,28.896,0.0,0.7,0.012597,13.412,0.00096194,6.4611,298.0,0.59939,0.21311
13.8,42.0,30.0,0.0,44.921,0.0,0.7,0.012335,13.391,0.00096128,6.4736,297.95,0.60479,0.21641
14.0,42.0,30.0,0.0,55.961,0.0,0.7,0.012014,13.394,0.00096059,6.4955,297.93,0.60088,0.2197
14.2,42.0,30.0,0.0,58.23,0.0,0.7,0.011821,13.384,0.00095989,6.5191,298.4,0.60076,0.22296
14.4,42.0,30.0,0.0,51.089,0.0,0.7,0.011639,13.364,0.00095921,6.5331,298.25,0.60238,0.2262
14.6,42.0,30.0,0.0,38.386,0.0,0.7,0.011474,13.33,0.00095857,6.5335,298.15,0.6124,0.22945
14.8,42.0,30.0,0.0,25.554,0.0,0.7,0.01132,13.3,0.00095798,6.5197,298.1,0.62085,0.23268
15.0,42.0,30.0,0.0,18.234,0.0,0.7,0.011133,13.285,0.00095742,6.4993,298.06,0.61958,0.23592
15.2,42.0,30.0,0.0,19.05,0.0,0.7,0.011068,13.262,0.00095685,6.4821,298.04,0.62284,0.23916
15.4,42.0,30.0,0.0,26.733,0.0,0.7,0.01065,13.264,0.00095625,6.4761,298.02,0.61698,0.24239
15.6,42.0,30.0,0.0,36.776,0.0,0.7,0.010541,13.237,0.00095563,6.4847,298.01,0.62034,0.24562
15.8,42.0,30.0,0.0,43.376,0.0,0.7,0.010326,13.239,0.00095499,6.5022,298.0,0.61351,0.24884
16.0,42.0,30.0,0.0,42.986,0.0,0.7,0.0099612,13.238,0.00095435,6.5185,297.99,0.60975,0.25205
16.2,42.0,75.0,0.0,36.105,0.0,0.7,0.032322,12.221,0.00095358,6.507,298.07,0.88051,0.25594
16.4,42.0,75.0,0.0,33.93,0.0,0.7,0.031608,12.149,0.00095282,6.488,298.13,0.97308,0.26062
16.6,42.0,75.0,0.0,39.258,0.0,0.7,0.028842,12.134,0.00095204,6.4785,298.15,0.99052,0.26543
16.8,42.0,75.0,0.0,48.333,0.0,0.7,0.027508,12.074,0.00095123,6.479,298.16,1.0091,0.27028
17.0,42.0,75.0,0.0,57.203,0.0,0.7,0.025651,12.057,0.00095039,6.4866,298.16,1.0144,0.27513
17.2,42.0,75.0,0.0,63.043,0.0,0.7,0.0242,12.025,0.00094954,6.4974,298.15,1.0178,0.28
17.4,42.0,75.0,0.0,64.596,0.0,0.7,0.022999,11.99,0.00094868,6.5072,298.13,1.0263,0.28487
17.6,42.0,75.0,0.0,62.245,0.0,0.7,0.022262,11.932,0.00094784,6.5135,298.11,1.0437,0.28975
17.8,42.0,75.0,0.0,57.377,0.0,0.7,0.021035,11.901,0.000947,6.5164,298.1,1.0561,0.29463
18.0,42.0,75.0,0.0,51.333,0.0,0.7,0.020201,11.87,0.0009462,6.5156,298.09,1.0627,0.2995
18.2,42.0,75.0,0.0,45.631,0.0,0.7,0.019788,11.818,0.0009454,6.5092,298.08,1.0725,0.30438
18.4,42.0,75.0,0.0,42.505,0.0,0.7,0.018783,11.795,0.00094462,6.4998,298.08,1.0782,0.30927
18.6,42.0,75.0,0.0,43.102,0.0,0.7,0.018253,11.761,0.00094384,6.4919,298.07,1.0791,0.31416
18.8,42.0,75.0,0.0,46.877,0.0,0.7,0.01689,11.773,0.00094305,6.4885,298.04,1.0725,0.31904
19.0,42.0,75.0,0.0,51.989,0.0,0.7,0.016194,11.75,0.00094224,6.4897,298.02,1.0751,0.32388
19.2,42.0,75.0,0.0,56.609,0.0,0.7,0.015549,11.704,0.00094142,6.4951,298.0,1.086,0.32872
19.4,42.0,75.0,0.0,59.09,0.0,0.7,0.015077,11.689,0.00094059,6.5005,297.98,1.0818,0.33358
19.6,42.0,75.0,0.0,59.411,0.0,0.7,0.014782,11.643,0.00093977,6.5067,297.97,1.0886,0.33844
19.8,42.0,75.0,0.0,57.243,0.0,0.7,0.014799,11.569,0.00093895,6.5105,297.98,1.106,0.34335
20.0,42.0,75.0,0.0,53.583,0.0,0.7,0.014009,11.561,0.00093814,6.512,297.99,1.1091,0.34827
20.2,55.0,150.0,0.0,49.305,0.0,0.7,0.040175,10.832,0.00093711,6.4901,298.09,1.3617,0.36603
20.4,55.0,150.0,0.0,53.842,0.0,0.7,0.03929,10.71,0.00093607,6.4707,298.15,1.414,0.36697
20.6,55.0,150.0,0.0,66.062,0.0,0.7,0.035933,10.637,0.00093498,6.4605,298.19,1.4435,0.37348
20.8,55.0,150.0,0.0,82.37,0.0,0.7,0.032406,10.598,0.00093384,6.4575,298.19,1.4553,0.38038
21.0,55.0,150.0,0.0,99.876,0.0,0.7,0.032412,10.503,0.00093265,6.4567,298.18,1.475,0.38735
21.2,55.0,150.0,0.0,117.69,0.0,0.7,0.031898,10.423,0.00093141,6.4566,298.18,1.496,0.39444
21.4,55.0,150.0,0.0,135.58,0.0,0.7,0.029761,10.382,0.00093011,6.4573,298.15,1.5124,0.40159
21.6,55.0,150.0,0.0,153.19,0.0,0.7,0.029329,10.308,0.00092876,6.4581,298.12,1.5312,0.40879
21.8,55.0,150.0,0.0,170.48,0.0,0.7,0.02862,10.22,0.00092736,6.4584,298.11,1.5577,0.41609
22.0,55.0,150.0,0.0,187.64,0.0,0.7,0.027699,10.158,0.00092591,6.4585,298.08,1.5668,0.42349
22.2,55.0,150.0,0.0,204.76,0.0,0.7,0.026234,10.121,0.00092441,6.4587,298.05,1.5773,0.43094
22.4,55.0,150.0,0.0,221.81,0.0,0.7,0.024026,10.143,0.00092287,6.46,298.03,1.5656,0.43838
22.6,55.0,150.0,0.0,225.0,0.0,0.7,0.023738,10.058,0.00092132,6.4606,298.03,1.5837,0.44583
22.8,55.0,150.0,0.0,225.0,0.0,0.7,0.022694,10.007,0.00091977,6.4609,298.04,1.5963,0.45334
23.0,55.0,150.0,0.0,225.0,0.0,0.7,0.022348,9.9447,0.00091823,6.4609,298.05,1.6054,0.46089
23.2,55.0,150.0,0.0,225.0,0.0,0.7,0.021954,9.8749,0.00091668,6.4602,298.07,1.6124,0.46851
23.4,55.0,150.0,0.0,225.0,0.0,0.7,0.02004,9.887,0.00091515,6.4609,298.07,1.6118,0.47613
23.6,55.0,150.0,0.0,225.0,0.0,0.7,0.018598,9.889,0.00091362,6.4625,298.06,1.6063,0.48368
23.8,55.0,150.0,0.0,225.0,0.0,0.7,0.01769,9.8526,0.00091209,6.4643,298.05,1.6179,0.4912
24.0,55.0,150.0,0.0,225.0,0.0,0.7,0.017054,9.8146,0.00091056,6.4661,298.03,1.6293,0.49871
24.2,55.0,30.0,0.0,225.0,0.0,0.7,0.0031571,12.451,0.015465,6.5061,297.78,0.82523,0.50355
24.4,55.0,30.0,0.0,222.96,0.0,0.7,0.0031577,12.443,0.032763,6.5442,298.9,0.72351,0.50663
24.6,55.0,30.0,0.0,205.79,0.0,0.7,0.0031633,12.398,0.049979,6.5779,298.35,0.72841,0.5096
24.8,55.0,30.0,0.51743,102.9,0.0,0.7,0.0031719,12.267,0.067269,6.6036,298.01,0.76764,0.51257
25.0,55.0,30.0,1.0356,51.448,0.0,0.7,0.0031463,12.179,0.08488,6.6095,297.86,0.80397,0.51553
25.2,55.0,30.0,1.556,25.724,0.0,0.8,0.0031004,12.982,0.10275,6.5856,298.48,0.81174,0.51849
25.4,55.0,30.0,2.0793,12.862,0.0,0.8,0.0030286,12.963,0.12142,6.5439,298.26,0.80575,0.52142
25.6,55.0,30.0,0.0,0.0,0.0,0.8,0.0030267,12.911,0.14038,6.491,298.09,0.81502,0.52436
25.8,55.0,30.0,0.0,4.1396,0.0,0.8,0.0029292,12.931,0.16038,6.4502,297.99,0.79985,0.52727
26.0,55.0,30.0,0.0,24.529,0.0,0.8,0.002941,12.912,0.18051,6.4389,297.94,0.80387,0.53017
26.2,55.0,30.0,0.0,49.411,0.0,0.8,0.0029548,12.926,0.20077,6.4564,298.43,0.79236,0.53308
26.4,55.0,30.0,0.0,67.284,0.0,0.8,0.0029163,12.927,0.22149,6.4862,298.3,0.7945,0.53596
26.6,55.0,30.0,0.0,73.288,0.0,0.8,0.0029147,12.925,0.24241,6.5161,298.19,0.78745,0.53883
26.8,55.0,30.0,0.0,67.38,0.0,0.8,0.0029121,12.893,0.26351,6.5404,298.11,0.80059,0.54168
27.0,55.0,30.0,0.0,51.757,0.0,0.8,0.0028428,12.896,0.28543,6.5549,298.05,0.78604,0.54451
27.2,55.0,30.0,0.51926,25.878,0.0,0.8,0.0028138,12.87,0.30762,6.5397,298.02,0.77833,0.5473
27.4,55.0,30.0,0.0,10.631,0.0,0.8,0.0028371,12.802,0.3298,6.5036,298.01,0.79209,0.55012
27.6,55.0,30.0,0.0,9.7937,0.0,0.8,0.0028394,12.773,0.35212,6.4696,298.0,0.79781,0.55296
27.8,55.0,30.0,0.0,22.477,0.0,0.8,0.0028228,12.771,0.37468,6.4559,298.0,0.78485,0.55581
28.0,55.0,30.0,0.0,40.582,0.0,0.8,0.0028139,12.778,0.39754,6.4651,297.99,0.7771,0.55866
28.2,55.0,37.0,0.0,54.972,0.0,0.8,0.0033614,12.576,0.41529,6.485,298.01,0.82459,0.56175
28.4,55.0,37.0,0.0,61.453,0.0,0.8,0.0034163,12.541,0.43233,6.5076,298.02,0.83956,0.56498
28.6,55.0,37.0,0.0,58.922,0.0,0.8,0.0034402,12.508,0.44924,6.5267,298.03,0.8436,0.56825
28.8,55.0,37.0,0.0,48.79,0.0,0.8,0.0033848,12.493,0.46686,6.5376,298.03,0.84073,0.57151
29.0,55.0,37.0,0.0,34.278,0.0,0.8,0.0033433,12.463,0.48508,6.5334,298.03,0.84503,0.57474
29.2,55.0,37.0,0.0,21.475,0.0,0.8,0.0032459,12.448,0.50446,6.5124,298.03,0.84611,0.57793
29.4,55.0,37.0,0.0,17.098,0.0,0.8,0.0031725,12.406,0.52479,6.4872,298.03,0.86957,0.58109
29.6,55.0,37.0,0.0,22.769,0.0,0.8,0.0031034,12.41,0.54615,6.47,298.01,0.86707,0.5842
29.8,55.0,37.0,0.0,35.278,0.0,0.8,0.0030989,12.39,0.5677,6.4706,298.02,0.87555,0.5873
30.0,55.0,37.0,0.0,47.493,0.0,0.8,0.0030736,12.383,0.58969,6.4834,298.02,0.88243,0.59039
30.2,55.0,37.0,0.0,54.61,0.0,0.9,0.0030133,13.224,0.61246,6.5019,298.02,0.89123,0.59343
30.4,55.0,37.0,0.0,54.366,0.0,0.9,0.0029768,13.207,0.63558,6.5195,298.03,0.8897,0.59645
30.6,55.0,37.0,0.0,47.07,0.0,0.9,0.0030001,13.162,0.65872,6.529,298.02,0.89781,0.59947
30.8,55.0,37.0,0.0,36.029,0.0,0.9,0.0030202,13.116,0.68167,6.5256,298.02,0.90818,0.60251
31.0,55.0,37.0,0.0,26.347,0.0,0.9,0.0030642,13.045,0.70427,6.509,298.02,0.92839,0.60558
31.2,55.0,37.0,0.0,23.312,0.0,0.9,0.0030622,13.008,0.72684,6.4901,298.03,0.93402,0.60869
31.4,55.0,37.0,0.0,27.785,0.0,0.9,0.0030677,12.972,0.74975,6.48,298.03,0.94426,0.61181
31.6,55.0,37.0,0.0,36.295,0.0,0.9,0.0029728,12.98,0.77397,6.4817,298.02,0.94633,0.6149
31.8,55.0,37.0,0.0,44.114,0.0,0.9,0.0029235,12.99,0.79883,6.4932,298.02,0.94153,0.61794
32.0,55.0,37.0,0.0,47.313,0.0,0.9,0.0029235,12.968,0.82367,6.5059,298.01,0.94461,0.62096
32.2,55.0,43.0,0.0,45.487,0.0,0.9,0.0033777,12.755,0.84346,6.5146,298.03,0.99862,0.6242
32.4,55.0,43.0,0.0,40.182,0.0,0.9,0.0034045,12.7,0.86269,6.5151,298.05,1.021,0.62758
32.6,55.0,43.0,0.0,34.7,0.0,0.9,0.0033681,12.666,0.88244,6.5085,298.06,1.0339,0.63096
32.8,55.0,43.0,0.0,31.842,0.0,0.9,0.0033006,12.659,0.90323,6.4977,298.07,1.0346,0.63431
33.0,55.0,43.0,0.0,33.299,0.0,0.9,0.0032288,12.667,0.92505,6.4903,298.07,1.024,0.63761
33.2,55.0,43.0,0.0,37.682,0.0,0.9,0.0031096,12.684,0.94832,6.4867,298.06,1.0184,0.64086
33.4,55.0,43.0,0.0,43.501,0.0,0.9,0.0030686,12.67,0.97227,6.4892,298.05,1.0205,0.64406
33.6,55.0,43.0,0.0,48.315,0.0,0.9,0.003013,12.679,0.99712,6.4973,298.04,1.0102,0.64724
33.8,55.0,43.0,0.0,49.909,0.0,0.9,0.0028992,12.703,1.0234,6.5073,298.03,0.99747,0.65036
34.0,55.0,43.0,0.0,47.486,0.0,0.9,0.0028986,12.686,1.0498,6.5142,298.02,0.99217,0.65345
34.2,55.0,43.0,0.0,42.338,0.0,0.9,0.0028938,12.657,1.0764,6.5153,298.02,0.99606,0.65654
34.4,55.0,43.0,0.0,36.768,0.0,0.9,0.0029079,12.622,1.103,6.5095,298.03,0.99871,0.65963
34.6,55.0,43.0,0.0,33.501,0.0,0.9,0.0029106,12.589,1.1296,6.5021,298.04,1.0042,0.66273
34.8,55.0,43.0,0.0,33.177,0.0,0.9,0.0029069,12.563,1.1566,6.495,298.04,1.0075,0.66583
35.0,55.0,43.0,0.0,35.696,0.0,0.9,0.0028304,12.584,1.1845,6.4909,298.03,0.9883,0.66891
35.2,55.0,43.0,0.0,39.858,0.0,0.9,0.0027703,12.599,1.2134,6.4918,298.04,0.97004,0.67195
35.4,55.0,43.0,0.0,43.654,0.0,0.9,0.002768,12.59,1.2425,6.4961,298.03,0.96692,0.67497
35.6,55.0,43.0,0.0,45.716,0.0,0.9,0.0027561,12.564,1.2717,6.5045,298.03,0.97568,0.67799
35.8,55.0,43.0,0.0,44.435,0.0,0.9,0.0027589,12.533,1.3012,6.5108,298.02,0.98141,0.681
36.0,55.0,43.0,0.0,40.635,0.0,0.9,0.002671,12.538,1.3316,6.5124,298.0,0.98151,0.68398
36.2,55.0,47.0,0.0,36.228,0.0,0.9,0.0029207,12.376,1.3596,6.5081,298.0,1.0212,0.68706
36.4,55.0,47.0,0.0,33.526,0.0,0.9,0.0028507,12.384,1.3884,6.5004,298.01,1.0119,0.6902
36.6,55.0,47.0,0.0,33.909,0.0,0.9,0.0028698,12.347,1.4172,6.4952,298.03,1.0167,0.69333
36.8,55.0,47.0,0.0,36.345,0.0,0.9,0.0028259,12.338,1.4467,6.4941,298.03,1.0161,0.69646
37.0,55.0,47.0,0.0,39.225,0.0,0.9,0.0027716,12.342,1.4771,6.4944,298.02,1.0129,0.69956
37.2,55.0,47.0,0.0,41.991,0.0,0.9,0.0027351,12.341,1.5078,6.4986,298.02,1.011,0.70262
37.4,55.0,47.0,0.0,43.055,0.0,0.9,0.0026707,12.337,1.5395,6.503,298.02,1.0144,0.70564
37.6,55.0,47.0,0.0,42.358,0.0,0.9,0.0026251,12.33,1.5719,6.5085,298.01,1.0114,0.70863
37.8,55.0,47.0,0.0,39.48,0.0,0.9,0.0026548,12.27,1.6041,6.5085,298.0,1.0247,0.71163
38.0,55.0,47.0,0.0,36.627,0.0,0.9,0.002637,12.252,1.6367,6.505,297.99,1.0233,0.71464
38.2,55.0,47.0,0.0,35.141,0.0,0.9,0.002633,12.226,1.6694,6.4998,297.99,1.0206,0.71766
38.4,55.0,47.0,0.0,35.76,0.0,0.9,0.00261,12.212,1.7024,6.4962,298.0,1.018,0.72067
38.6,55.0,47.0,0.0,37.812,0.0,0.9,0.0025102,12.236,1.7364,6.4973,298.0,1.0109,0.72364
38.8,55.0,47.0,0.0,39.413,0.0,0.9,0.0025018,12.211,1.7704,6.4999,298.0,1.013,0.72658
39.0,55.0,47.0,0.0,39.981,0.0,0.9,0.0025288,12.158,1.8042,6.5018,298.01,1.0252,0.72956
39.2,55.0,47.0,0.0,39.777,0.0,0.9,0.0024867,12.168,1.8383,6.504,298.01,1.0196,0.73252
39.4,55.0,47.0,0.0,38.698,0.0,0.9,0.0024247,12.165,1.8732,6.5046,298.0,1.014,0.73544
39.6,55.0,47.0,0.0,37.381,0.0,0.9,0.0024509,12.126,1.9078,6.504,298.01,1.0192,0.73837
39.8,55.0,47.0,0.0,36.286,0.0,0.9,0.0023971,12.135,1.9427,6.5031,298.01,1.0131,0.74127
40.0,55.0,47.0,0.0,35.571,0.0,0.9,0.0024094,12.101,1.9777,6.5004,298.0,1.0141,0.74418
40.2,60.0,51.0,0.0,35.939,0.0,1.1,0.0025648,13.83,2.0113,6.5,297.98,1.0087,0.75248
40.4,60.0,51.0,0.0,36.439,0.0,1.1,0.0025972,13.778,2.0445,6.4988,297.98,1.0089,0.75248
40.6,60.0,51.0,0.0,37.436,0.0,1.1,0.0025306,13.778,2.0785,6.4979,297.97,1.0086,0.75536
40.8,60.0,51.0,0.0,38.802,0.0,1.1,0.0025176,13.752,2.1127,6.4992,297.96,1.0125,0.75841
41.0,60.0,51.0,0.0,39.648,0.0,1.1,0.0025306,13.715,2.1468,6.5008,297.95,1.0244,0.76147
41.2,60.0,51.0,0.0,39.831,0.0,1.1,0.0025273,13.686,2.1814,6.503,297.94,1.0361,0.76454
41.4,60.0,51.0,0.0,39.169,0.0,1.1,0.0025225,13.646,2.216,6.5039,298.5,1.052,0.7676
41.6,60.0,51.0,0.0,38.15,0.0,1.1,0.0024433,13.654,2.2515,6.5048,298.41,1.0526,0.77062
41.8,60.0,51.0,0.0,36.761,0.0,1.1,0.0023941,13.652,2.2874,6.5025,298.3,1.0533,0.7736
42.0,60.0,51.0,0.0,36.298,0.0,1.1,0.0023913,13.626,2.3235,6.4994,298.21,1.0596,0.77655
42.2,60.0,51.0,0.0,37.059,0.0,1.1,0.0023977,13.633,2.3599,6.4974,298.17,1.0415,0.77951
42.4,60.0,51.0,0.0,38.606,0.0,1.1,0.002378,13.642,2.3967,6.499,298.13,1.0239,0.78244
42.6,60.0,51.0,0.0,39.502,0.0,1.1,0.0023363,13.637,2.4336,6.4989,298.11,1.0222,0.78536
42.8,60.0,51.0,0.0,40.45,0.0,1.1,0.0023001,13.647,2.471,6.5013,298.1,1.0068,0.78825
43.0,60.0,51.0,0.0,40.446,0.0,1.1,0.0022839,13.634,2.5083,6.5059,298.07,1.0096,0.79113
43.2,60.0,51.0,0.0,38.611,0.0,1.1,0.0022522,13.627,2.5457,6.5078,298.04,1.0085,0.79398
43.4,60.0,51.0,0.0,36.035,0.0,1.1,0.0022924,13.565,2.5829,6.5051,298.03,1.0214,0.79686
43.6,60.0,51.0,0.0,34.541,0.0,1.1,0.0022373,13.57,2.6205,6.5,298.02,1.0171,0.79972
43.8,60.0,51.0,0.0,35.053,0.0,1.1,0.0022217,13.57,2.6583,6.495,298.01,1.0088,0.80256
44.0,60.0,51.0,0.0,37.556,0.0,1.1,0.0022282,13.53,2.6962,6.4927,298.0,1.0224,0.80541
44.2,60.0,57.0,0.0,41.001,0.0,1.1,0.0024383,13.377,2.7327,6.4915,298.02,1.053,0.8084
44.4,60.0,57.0,0.0,44.921,0.0,1.1,0.002402,13.389,2.7694,6.4941,298.04,1.0425,0.81145
44.6,60.0,57.0,0.0,47.797,0.0,1.1,0.002422,13.363,2.8059,6.4979,298.06,1.0446,0.8145
44.8,60.0,57.0,0.0,49.171,0.0,1.1,0.0024112,13.341,2.8426,6.505,298.07,1.0534,0.81756
45.0,60.0,57.0,0.0,47.664,0.0,1.1,0.0024229,13.309,2.8793,6.5101,298.06,1.0599,0.82062
45.2,60.0,57.0,0.0,44.136,0.0,1.1,0.0024449,13.263,2.9161,6.5104,298.05,1.072,0.82368
45.4,60.0,57.0,0.0,40.503,0.0,1.1,0.0023352,13.309,2.9538,6.5081,298.03,1.0588,0.82669
45.6,60.0,57.0,0.0,37.797,0.0,1.1,0.0022982,13.301,2.9917,6.502,298.0,1.052,0.82965
45.8,60.0,57.0,0.0,37.538,0.0,1.1,0.0022602,13.297,3.0301,6.4942,297.98,1.0515,0.83258
46.0,60.0,57.0,0.0,40.366,0.0,1.1,0.0023025,13.227,3.0683,6.4892,297.96,1.0728,0.83553
46.2,60.0,57.0,0.0,45.202,0.0,1.1,0.0023141,13.21,3.1064,6.4896,297.95,1.0769,0.83851
46.4,60.0,57.0,0.0,49.869,0.0,1.1,0.0023283,13.208,3.1443,6.4928,298.49,1.0678,0.84149
46.6,60.0,57.0,0.0,53.244,0.0,1.1,0.0023173,13.173,3.1825,6.4978,298.41,1.0858,0.84447
46.8,60.0,57.0,0.0,54.649,0.0,1.1,0.0023119,13.143,3.2209,6.5027,298.31,1.0941,0.84745
47.0,60.0,57.0,0.0,54.104,0.0,1.1,0.0022535,13.156,3.26,6.508,298.22,1.0856,0.85041
47.2,60.0,57.0,0.0,51.426,0.0,1.1,0.0022682,13.118,3.299,6.5123,298.14,1.0877,0.85336
47.4,60.0,57.0,0.0,47.014,0.0,1.1,0.0022624,13.047,3.3383,6.5128,298.1,1.117,0.85634
47.6,60.0,57.0,0.0,42.445,0.0,1.1,0.0022663,13.008,3.3777,6.5087,298.08,1.125,0.85932
47.8,60.0,57.0,0.0,39.516,0.0,1.1,0.0022336,12.981,3.4176,6.5007,298.06,1.1383,0.86229
48.0,60.0,57.0,0.0,39.766,0.0,1.1,0.0022198,12.947,3.4578,6.4924,298.04,1.1516,0.86525
48.2,60.0,61.0,0.0,43.348,0.0,1.1,0.0023728,12.821,3.4969,6.4877,298.03,1.1754,0.86832
48.4,60.0,61.0,0.0,48.794,0.0,1.1,0.0024203,12.765,3.5358,6.4875,298.02,1.1974,0.87148
48.6,60.0,61.0,0.0,54.29,0.0,1.1,0.0023584,12.785,3.5755,6.4919,298.0,1.1952,0.87461
48.8,60.0,61.0,0.0,58.039,0.0,1.1,0.0023536,12.766,3.6156,6.4983,298.0,1.2018,0.87773
49.0,60.0,61.0,0.0,59.234,0.0,1.1,0.0023653,12.758,3.6558,6.5048,297.98,1.1903,0.88084
49.2,60.0,61.0,0.0,57.842,0.0,1.1,0.0023181,12.764,3.6963,6.5101,297.98,1.1814,0.88394
49.4,60.0,61.0,0.0,54.32,0.0,1.1,0.0022457,12.767,3.7379,6.5131,297.98,1.1811,0.88698
49.6,60.0,61.0,0.0,49.59,0.0,1.1,0.0021944,12.768,3.7801,6.5125,297.99,1.1736,0.88997
49.8,60.0,61.0,0.0,45.107,0.0,1.1,0.0021703,12.744,3.8224,6.5072,298.0,1.1775,0.89295
50.0,60.0,61.0,0.0,42.775,0.0,1.1,0.0021815,12.693,3.8647,6.5,298.01,1.1891,0.89593
50.2,60.0,61.0,0.0,43.281,500.0,1.1,0.0021408,13.977,3.9012,6.4923,297.9,0.8933,0.89889
50.4,60.0,61.0,0.0,46.901,500.0,1.1,0.0021237,14.015,3.9376,6.489,298.45,0.86104,0.90182
50.6,60.0,61.0,0.0,51.807,500.0,1.1,0.0021042,14.023,3.9737,6.4893,298.27,0.86847,0.90475
50.8,60.0,61.0,0.0,56.592,500.0,1.1,0.0020609,14.067,4.0097,6.4933,298.1,0.86585,0.90766
51.0,60.0,61.0,0.0,59.791,500.0,1.1,0.0020917,14.045,4.0456,6.4984,297.97,0.88119,0.91058
51.2,60.0,61.0,0.0,60.929,500.0,1.1,0.0020818,14.069,4.0816,6.5031,297.89,0.87961,0.91351
51.4,60.0,61.0,0.0,60.221,500.0,1.1,0.0020587,14.084,4.1175,6.5053,298.21,0.88166,0.91643
51.6,60.0,61.0,0.0,58.611,500.0,1.1,0.0020857,14.062,4.1534,6.5063,298.13,0.89345,0.91936
51.8,60.0,61.0,0.0,56.623,500.0,1.1,0.0021026,14.065,4.1889,6.5043,298.04,0.89388,0.92232
52.0,60.0,61.0,0.0,55.438,500.0,1.1,0.00208,14.1,4.2246,6.5031,297.97,0.8809,0.92527
52.2,60.0,65.0,0.0,54.715,500.0,1.1,0.0022408,13.972,4.2597,6.4994,297.94,0.91876,0.92834
52.4,60.0,65.0,0.0,55.465,500.0,1.1,0.0022069,13.994,4.2948,6.4969,298.16,0.93633,0.93144
52.6,60.0,65.0,0.0,57.206,500.0,1.1,0.0021844,14.02,4.33,6.496,298.11,0.94315,0.9345
52.8,60.0,65.0,0.0,59.313,500.0,1.1,0.0022108,14.008,4.365,6.4972,298.05,0.9509,0.93759
53.0,60.0,65.0,0.0,60.967,500.0,1.1,0.0021807,14.032,4.3998,6.4985,298.01,0.95586,0.94067
53.2,60.0,65.0,0.0,62.085,500.0,1.1,0.0021231,14.091,4.4352,6.5018,297.97,0.94817,0.9437
53.4,60.0,65.0,0.0,61.863,500.0,1.1,0.0020838,14.133,4.4704,6.5057,297.94,0.94438,0.94668
53.6,60.0,65.0,0.0,60.083,500.0,1.1,0.0020567,14.151,4.5057,6.5091,298.1,0.94942,0.94963
53.8,60.0,65.0,0.0,56.983,500.0,1.1,0.0020241,14.172,4.541,6.5106,298.06,0.95598,0.95254
54.0,60.0,65.0,0.0,53.274,500.0,1.1,0.0019805,14.187,4.5765,6.5112,298.01,0.96259,0.95543
54.2,60.0,65.0,0.0,49.318,500.0,1.1,0.0020223,14.156,4.612,6.5088,297.99,0.97326,0.95833
54.4,60.0,65.0,0.0,46.33,500.0,1.1,0.0019742,14.196,4.6477,6.5023,297.97,0.96794,0.96122
54.6,60.0,65.0,0.0,45.932,500.0,1.1,0.0019182,14.262,4.6833,6.4957,297.96,0.95207,0.96406
54.8,60.0,65.0,0.0,48.191,500.0,1.1,0.0018412,14.341,4.7184,6.493,297.94,0.94205,0.96681
55.0,60.0,65.0,0.0,51.491,500.0,1.1,0.0018825,14.32,4.7535,6.4931,298.04,0.95353,0.96957
55.2,60.0,65.0,0.0,54.754,500.0,1.1,0.001843,14.38,4.7886,6.4955,298.02,0.93842,0.97231
55.4,60.0,65.0,0.0,57.058,500.0,1.1,0.0018489,14.413,4.8234,6.4987,297.99,0.92776,0.97503
55.6,60.0,65.0,0.0,58.086,500.0,1.1,0.0018366,14.445,4.8581,6.5018,297.97,0.91745,0.97775
55.8,60.0,65.0,0.0,57.898,500.0,1.1,0.0018443,14.44,4.8927,6.5051,297.96,0.92326,0.98048
56.0,60.0,65.0,0.0,56.391,500.0,1.1,0.001852,14.443,4.9274,6.5056,297.96,0.92947,0.98321
56.2,60.0,72.0,0.0,54.686,500.0,1.1,0.0019458,14.366,4.9625,6.5033,297.96,0.9608,0.98603
56.4,60.0,72.0,0.0,53.908,500.0,1.1,0.0019641,14.331,4.9979,6.4993,297.97,0.98585,0.98892
56.6,60.0,72.0,0.0,54.711,500.0,1.1,0.0019181,14.392,5.0333,6.4943,297.97,0.97683,0.99178
56.8,60.0,72.0,0.0,57.526,500.0,1.1,0.0019166,14.411,5.0688,6.4921,297.97,0.97589,0.99462
57.0,60.0,72.0,0.0,61.208,500.0,1.1,0.0019215,14.43,5.1046,6.4917,297.97,0.97346,0.99746
57.2,60.0,72.0,0.0,65.032,500.0,1.1,0.0018828,14.504,5.1401,6.4952,297.97,0.94803,1.0003
57.4,60.0,72.0,0.0,67.455,500.0,1.1,0.0019195,14.467,5.1754,6.5008,297.98,0.97244,1.0031
57.6,60.0,72.0,0.0,67.664,500.0,1.1,0.0019047,14.479,5.2105,6.5062,297.98,0.98266,1.0059
57.8,60.0,72.0,0.0,65.713,500.0,1.1,0.0019001,14.496,5.2459,6.5097,297.98,0.97591,1.0088
58.0,60.0,72.0,0.0,62.364,500.0,1.1,0.0018267,14.554,5.2815,6.5116,297.98,0.96643,1.0116
58.2,60.0,72.0,0.0,58.234,500.0,1.1,0.0017633,14.62,5.3168,6.5095,297.98,0.94639,1.0143
58.4,60.0,72.0,0.0,54.984,500.0,1.1,0.0017159,14.65,5.3521,6.5061,297.97,0.9516,1.017
58.6,60.0,72.0,0.0,53.057,500.0,1.1,0.0017087,14.687,5.3873,6.5039,297.97,0.93578,1.0196
58.8,60.0,72.0,0.0,52.03,500.0,1.1,0.0016705,14.719,5.4224,6.5044,297.96,0.93439,1.0222
59.0,60.0,72.0,0.0,50.783,500.0,1.1,0.0016658,14.734,5.4574,6.5032,297.96,0.93835,1.0248
59.2,60.0,72.0,0.0,50.01,500.0,1.1,0.0016706,14.737,5.4925,6.5008,297.95,0.94013,1.0274
59.4,60.0,72.0,0.0,50.209,500.0,1.1,0.001642,14.783,5.5274,6.4981,297.95,0.93172,1.0299
59.6,60.0,72.0,0.0,51.484,500.0,1.1,0.0016173,14.814,5.562,6.4965,297.97,0.9316,1.0325
59.8,60.0,72.0,0.0,53.392,500.0,1.1,0.0016765,14.776,5.5969,6.4938,297.96,0.94646,1.035
60.0,60.0,72.0,0.0,56.381,500.0,1.1,0.0016796,14.785,5.6316,6.4919,297.96,0.95394,1.0377
60.2,60.0,76.0,0.0,60.128,500.0,1.1,0.0017563,14.738,5.6664,6.4906,297.96,0.97754,1.0403
60.4,60.0,76.0,0.0,64.4,500.0,1.1,0.0018084,14.72,5.7011,6.492,297.96,0.98602,1.0431
60.6,60.0,76.0,0.0,68.103,500.0,1.1,0.0018097,14.754,5.7358,6.4959,297.96,0.97265,1.0459
60.8,60.0,76.0,0.0,70.251,500.0,1.1,0.0018026,14.785,5.7705,6.501,297.96,0.96965,1.0487
61.0,60.0,76.0,0.0,70.364,500.0,1.1,0.0018501,14.763,5.8052,6.504,297.97,0.9791,1.0515
61.2,60.0,76.0,0.0,69.295,500.0,1.1,0.0018052,14.807,5.8396,6.5086,297.97,0.97507,1.0543
61.4,60.0,76.0,0.0,66.36,500.0,1.1,0.0018327,14.779,5.8742,6.509,297.97,0.99198,1.0571
61.6,60.0,76.0,0.0,63.31,500.0,1.1,0.0018288,14.781,5.9086,6.5046,297.98,1.0006,1.0599
61.8,60.0,76.0,0.0,62.004,500.0,1.1,0.0018505,14.765,5.9428,6.5011,297.98,1.0128,1.0628
62.0,60.0,76.0,0.0,62.066,500.0,1.1,0.0018962,14.728,5.9772,6.4965,297.99,1.0294,1.0657
62.2,60.0,76.0,0.0,63.984,500.0,1.1,0.0018682,14.762,6.0116,6.4952,297.99,1.0324,1.0686
62.4,60.0,76.0,0.0,66.43,500.0,1.1,0.0019114,14.724,6.0461,6.4937,298.0,1.0569,1.0716
62.6,60.0,76.0,0.0,69.483,500.0,1.1,0.0018694,14.757,6.0806,6.4937,298.0,1.0652,1.0745
62.8,60.0,76.0,0.0,72.511,500.0,1.1,0.0018584,14.781,6.1147,6.4949,298.0,1.0662,1.0775
63.0,60.0,76.0,0.0,75.081,500.0,1.1,0.0018731,14.78,6.1489,6.4976,298.0,1.0726,1.0804
63.2,60.0,76.0,0.0,76.572,500.0,1.1,0.001891,14.764,6.183,6.5018,298.0,1.0919,1.0834
63.4,60.0,76.0,0.0,76.38,500.0,1.1,0.0018348,14.804,6.217,6.5048,298.0,1.0992,1.0864
63.6,60.0,76.0,0.0,74.967,500.0,1.1,0.0017949,14.862,6.2507,6.5076,297.99,1.0862,1.0892
63.8,60.0,76.0,0.0,72.462,500.0,1.1,0.0017865,14.89,6.2846,6.5096,297.99,1.0777,1.0921
64.0,60.0,76.0,0.0,69.16,500.0,1.1,0.0017627,14.916,6.3182,6.5094,297.99,1.075,1.0949
64.2,60.0,80.0,0.0,65.937,500.0,1.1,0.0018724,14.848,6.3521,6.5075,297.99,1.101,1.0978
64.4,60.0,80.0,0.0,63.454,500.0,1.1,0.001857,14.868,6.386,6.5039,298.0,1.1061,1.1008
64.6,60.0,80.0,0.0,62.422,500.0,1.1,0.0018087,14.899,6.42,6.5001,298.0,1.1108,1.1037
64.8,60.0,80.0,0.0,62.918,500.0,1.1,0.0017544,14.951,6.4537,6.4978,297.99,1.1058,1.1066
65.0,60.0,80.0,0.0,64.312,500.0,1.1,0.0017824,14.939,6.4874,6.4949,297.99,1.1202,1.1094
65.2,60.0,80.0,0.0,66.88,500.0,1.1,0.0018313,14.899,6.5209,6.4934,298.0,1.15,1.1123
65.4,60.0,80.0,0.0,70.018,500.0,1.1,0.0018079,14.941,6.5544,6.4916,298.0,1.149,1.1152
65.6,60.0,80.0,0.0,73.903,500.0,1.1,0.0018166,14.959,6.5874,6.493,297.99,1.1496,1.1181
65.8,60.0,80.0,0.0,77.223,500.0,1.1,0.0017698,15.011,6.6202,6.4978,297.99,1.1426,1.121
66.0,60.0,80.0,0.0,78.623,500.0,1.1,0.0018092,14.995,6.6532,6.5026,297.99,1.155,1.1239
66.2,60.0,80.0,0.0,78.113,500.0,1.1,0.0018159,14.986,6.686,6.5066,297.99,1.1704,1.1268
66.4,60.0,80.0,0.0,76.006,500.0,1.1,0.0017996,15.021,6.7189,6.5103,297.99,1.1634,1.1297
66.6,60.0,80.0,0.0,72.409,500.0,1.1,0.0017544,15.058,6.7516,6.5122,297.99,1.1622,1.1326
66.8,60.0,80.0,0.0,68.074,500.0,1.1,0.0017486,15.07,6.7843,6.5126,297.99,1.1688,1.1354
67.0,60.0,80.0,0.0,63.569,500.0,1.1,0.0017589,15.063,6.8174,6.5082,297.99,1.1812,1.1383
67.2,60.0,80.0,0.0,60.834,500.0,1.1,0.0017507,15.076,6.8506,6.5009,297.99,1.1856,1.1411
67.4,60.0,80.0,0.0,61.015,500.0,1.1,0.0017266,15.107,6.8835,6.4905,297.99,1.1875,1.1439
67.6,60.0,80.0,0.0,65.355,500.0,1.1,0.00172,15.131,6.9165,6.4856,297.98,1.1862,1.1468
67.8,60.0,80.0,0.0,71.614,500.0,1.1,0.0017264,15.157,6.9496,6.486,297.98,1.1841,1.1496
68.0,60.0,80.0,0.0,77.735,500.0,1.1,0.0017659,15.155,6.9826,6.4917,297.98,1.1884,1.1524
68.2,60.0,84.0,0.0,81.568,500.0,1.1,0.0018104,15.144,7.0152,6.4977,297.98,1.2095,1.1553
68.4,60.0,84.0,0.0,83.016,500.0,1.1,0.0018001,15.19,7.0476,6.5029,297.98,1.2014,1.1582
68.6,60.0,84.0,0.0,82.388,500.0,1.1,0.0018193,15.2,7.0802,6.5062,297.98,1.1984,1.1612
68.8,60.0,84.0,0.0,80.415,500.0,1.1,0.0018166,15.218,7.1128,6.5101,297.98,1.1983,1.1641
69.0,60.0,84.0,0.0,76.899,500.0,1.1,0.0017801,15.255,7.1454,6.5148,297.97,1.1935,1.167
69.2,60.0,84.0,0.0,71.515,500.0,1.1,0.0017787,15.26,7.1784,6.5165,297.97,1.2026,1.1699
69.4,60.0,84.0,0.0,65.46,500.0,1.1,0.0018115,15.221,7.2114,6.5141,297.97,1.2314,1.1728
69.6,60.0,84.0,0.0,60.338,500.0,1.1,0.0018474,15.197,7.2447,6.5095,297.98,1.2524,1.1757
69.8,60.0,84.0,0.0,57.08,500.0,1.1,0.0018267,15.226,7.2778,6.5025,297.98,1.25,1.1787
70.0,60.0,84.0,0.0,56.614,500.0,1.1,0.0018483,15.208,7.3112,6.4935,297.99,1.2666,1.1817
70.2,60.0,84.0,0.0,59.733,500.0,1.1,0.0018646,15.208,7.3446,6.4876,298.0,1.2802,1.1847
70.4,60.0,84.0,0.0,65.189,500.0,1.1,0.001868,15.226,7.378,6.4854,298.0,1.2841,1.1877
70.6,60.0,84.0,0.0,71.527,500.0,1.1,0.0018687,15.243,7.4114,6.4885,298.01,1.2879,1.1908
70.8,60.0,84.0,0.0,76.625,500.0,1.1,0.0018882,15.261,7.4447,6.4914,298.01,1.2886,1.1939
71.0,60.0,84.0,0.0,80.603,500.0,1.1,0.0018863,15.273,7.4777,6.4954,298.01,1.2973,1.197
71.2,60.0,84.0,0.0,82.973,500.0,1.1,0.0018742,15.324,7.5105,6.4982,298.01,1.2821,1.2001
71.4,60.0,84.0,0.0,84.213,500.0,1.1,0.0018761,15.343,7.5434,6.5018,298.01,1.2837,1.2031
71.6,60.0,84.0,0.0,84.018,500.0,1.1,0.0018973,15.362,7.5762,6.5047,298.01,1.2781,1.2062
71.8,60.0,84.0,0.0,82.676,500.0,1.1,0.0018157,15.439,7.6086,6.508,298.01,1.2597,1.2093
72.0,60.0,84.0,0.0,79.993,500.0,1.1,0.0017874,15.491,7.6412,6.5079,298.0,1.2414,1.2123
72.2,60.0,90.0,0.0,77.368,500.0,1.1,0.0019045,15.419,7.6738,6.5078,298.0,1.2802,1.2154
72.4,60.0,90.0,0.0,74.757,500.0,1.1,0.0019147,15.42,7.7066,6.5056,298.0,1.2974,1.2185
72.6,60.0,90.0,0.0,73.061,500.0,1.1,0.0019013,15.453,7.7394,6.5034,298.01,1.2948,1.2216
72.8,60.0,90.0,0.0,72.217,500.0,1.1,0.0018886,15.483,7.772,6.5004,298.01,1.2932,1.2247
73.0,60.0,90.0,0.0,72.569,500.0,1.1,0.0018157,15.565,7.8044,6.4977,298.0,1.2692,1.2278
73.2,60.0,90.0,0.0,74.014,500.0,1.1,0.0017866,15.599,7.8365,6.4972,297.99,1.2645,1.2308
73.4,60.0,90.0,0.0,75.662,500.0,1.1,0.001781,15.617,7.8684,6.4957,297.99,1.271,1.2337
73.6,60.0,90.0,0.0,77.901,500.0,1.1,0.0017822,15.631,7.9003,6.4978,297.98,1.2794,1.2367
73.8,60.0,90.0,0.0,79.301,500.0,1.1,0.001757,15.667,7.9319,6.4993,297.98,1.2787,1.2397
74.0,60.0,90.0,0.0,80.11,500.0,1.1,0.0018227,15.643,7.9636,6.5025,297.98,1.2949,1.2427
74.2,60.0,90.0,0.0,79.635,500.0,1.1,0.0018098,15.664,7.9951,6.5037,297.98,1.3023,1.2457
74.4,60.0,90.0,0.0,78.664,500.0,1.1,0.0017695,15.716,8.0263,6.5038,297.98,1.2917,1.2487
74.6,60.0,90.0,0.0,77.664,500.0,1.1,0.0017425,15.752,8.0577,6.5028,297.97,1.2847,1.2517
74.8,60.0,90.0,0.0,77.049,500.0,1.1,0.0016701,15.816,8.0887,6.5024,297.96,1.2717,1.2546
75.0,60.0,90.0,0.0,76.62,500.0,1.1,0.0016207,15.872,8.1195,6.5034,297.95,1.2592,1.2574
75.2,60.0,90.0,0.0,75.782,100.0,1.1,0.001551,15.211,8.1584,6.5063,298.02,1.5081,1.2602
75.4,60.0,90.0,0.0,73.788,100.0,1.1,0.0015468,15.189,8.1974,6.5058,298.07,1.5499,1.2629
75.6,60.0,90.0,0.0,71.987,100.0,1.1,0.001528,15.174,8.2364,6.5061,298.1,1.5588,1.2656
75.8,60.0,90.0,0.0,70.073,100.0,1.1,0.0015303,15.146,8.2753,6.5042,298.12,1.569,1.2683
76.0,60.0,90.0,0.0,68.904,100.0,1.1,0.0015411,15.136,8.3145,6.4997,298.14,1.5636,1.271
76.2,60.0,116.0,0.0,69.56,100.0,1.1,0.0019887,14.829,8.3552,6.4884,298.18,1.6752,1.2741
76.4,60.0,116.0,0.0,74.734,100.0,1.1,0.0019986,14.802,8.3958,6.4817,298.2,1.7048,1.2775
76.6,60.0,116.0,0.0,82.548,100.0,1.1,0.0020954,14.722,8.4361,6.4793,298.21,1.735,1.281
76.8,60.0,116.0,0.0,91.325,100.0,1.1,0.002119,14.701,8.4766,6.4839,298.22,1.7427,1.2845
77.0,60.0,116.0,0.0,98.252,100.0,1.1,0.0020987,14.716,8.5168,6.4913,298.22,1.7314,1.2881
77.2,60.0,116.0,0.0,102.25,100.0,1.1,0.0020502,14.718,8.5576,6.4992,298.21,1.7304,1.2917
77.4,60.0,116.0,0.0,103.07,100.0,1.1,0.0021135,14.67,8.5982,6.5072,298.19,1.7429,1.2952
77.6,60.0,116.0,0.0,100.7,100.0,1.1,0.0021824,14.596,8.6386,6.5145,298.19,1.769,1.2989
77.8,60.0,116.0,0.0,95.427,100.0,1.1,0.0022233,14.558,8.6789,6.5197,298.17,1.7829,1.3026
78.0,60.0,116.0,0.0,88.075,100.0,1.1,0.0021606,14.567,8.7195,6.5223,298.17,1.7761,1.3063
78.2,60.0,116.0,0.0,79.679,100.0,1.1,0.0021261,14.556,8.7605,6.5224,298.15,1.7749,1.31
78.4,60.0,116.0,0.0,71.254,100.0,1.1,0.0020853,14.557,8.8019,6.5186,298.13,1.771,1.3136
78.6,60.0,116.0,0.0,64.365,100.0,1.1,0.0021018,14.523,8.8436,6.5122,298.12,1.7772,1.3171
78.8,60.0,116.0,0.0,60.015,100.0,1.1,0.0021059,14.482,8.8851,6.505,298.12,1.7927,1.3207
79.0,60.0,116.0,0.0,58.535,100.0,1.1,0.0020386,14.506,8.927,6.4982,298.1,1.7814,1.3242
79.2,60.0,116.0,0.0,59.772,100.0,1.1,0.0020503,14.457,8.969,6.4918,298.08,1.7977,1.3278
79.4,60.0,116.0,0.0,63.582,100.0,1.1,0.0020297,14.458,9.0112,6.4887,298.05,1.7953,1.3313
79.6,60.0,116.0,0.0,68.624,100.0,1.1,0.0020007,14.476,9.0537,6.4873,298.04,1.778,1.3348
79.8,60.0,116.0,0.0,74.224,100.0,1.1,0.0019663,14.5,9.0962,6.4888,298.02,1.7621,1.3383
80.0,60.0,116.0,0.0,79.227,100.0,1.1,0.0019465,14.499,9.1387,6.4917,298.01,1.7596,1.3418
80.2,60.0,90.0,0.0,83.078,100.0,1.1,0.0012097,15.158,9.1747,6.5085,297.94,1.5313,1.3445
80.4,60.0,90.0,0.0,80.144,100.0,1.1,0.0012221,15.135,9.2107,6.5224,298.35,1.4982,1.3468
80.6,60.0,90.0,0.0,71.693,100.0,1.1,0.0012399,15.079,9.2477,6.5295,298.27,1.5136,1.3491
80.8,60.0,90.0,0.0,60.421,100.0,1.1,0.0012662,15.015,9.2853,6.5283,298.17,1.5374,1.3514
81.0,60.0,90.0,0.0,49.667,100.0,1.1,0.0012748,14.963,9.3233,6.5197,298.1,1.559,1.3538
81.2,60.0,90.0,0.0,42.35,100.0,1.1,0.0013096,14.898,9.3621,6.5044,298.04,1.5851,1.3561
81.4,60.0,90.0,0.0,41.127,100.0,1.1,0.001296,14.904,9.4005,6.489,298.0,1.5793,1.3585
81.6,60.0,90.0,0.0,46.059,100.0,1.1,0.0012848,14.916,9.4386,6.4798,297.96,1.5714,1.3609
81.8,60.0,90.0,0.0,54.647,100.0,1.1,0.0012714,14.933,9.4762,6.4777,297.94,1.5605,1.3633
82.0,60.0,90.0,0.0,64.066,100.0,1.1,0.0012954,14.912,9.5139,6.4845,298.19,1.5626,1.3657
82.2,60.0,90.0,0.0,70.771,100.0,1.1,0.0012614,14.942,9.5514,6.4961,298.16,1.5502,1.368
82.4,60.0,90.0,0.0,72.825,100.0,1.1,0.0012312,14.982,9.5885,6.5082,298.1,1.5247,1.3703
82.6,60.0,90.0,0.0,70.042,100.0,1.1,0.0012061,14.97,9.6259,6.5185,298.05,1.5289,1.3726
82.8,60.0,90.0,0.0,63.176,100.0,1.1,0.0011893,14.941,9.6636,6.525,298.02,1.544,1.3748
83.0,60.0,90.0,0.0,53.727,100.0,1.1,0.0012246,14.862,9.7019,6.5243,298.01,1.5763,1.377
83.2,60.0,90.0,0.0,44.552,100.0,1.1,0.0012137,14.852,9.7403,6.5169,298.0,1.5772,1.3793
83.4,60.0,90.0,0.0,38.351,100.0,1.1,0.001185,14.854,9.7783,6.5045,297.99,1.5747,1.3815
83.6,60.0,90.0,0.0,37.101,100.0,1.1,0.0011697,14.864,9.8159,6.4918,297.99,1.5654,1.3837
83.8,60.0,90.0,0.0,40.91,100.0,1.1,0.0011286,14.907,9.8527,6.4835,297.98,1.5456,1.3858
84.0,60.0,90.0,0.0,48.021,100.0,1.1,0.0011453,14.883,9.8896,6.4802,297.98,1.548,1.3879
84.2,60.0,90.0,0.0,56.442,100.0,1.1,0.0011257,14.912,9.9259,6.4856,297.97,1.5344,1.39
84.4,60.0,90.0,0.0,62.712,100.0,1.1,0.0011122,14.907,9.9618,6.4953,297.96,1.5399,1.3921
84.6,60.0,90.0,0.0,65.113,100.0,1.1,0.001075,14.943,9.9969,6.5085,297.95,1.5231,1.3942
84.8,60.0,90.0,0.0,62.211,100.0,1.1,0.0011128,14.874,10.033,6.519,297.95,1.5457,1.3962
85.0,60.0,90.0,0.0,55.136,100.0,1.1,0.0011099,14.85,10.069,6.5236,297.95,1.5546,1.3983
85.2,60.0,90.0,0.0,46.244,100.0,1.1,0.0011275,14.801,10.105,6.5195,297.96,1.5712,1.4004
85.4,60.0,90.0,0.0,39.006,100.0,1.1,0.0011286,14.767,10.141,6.5106,297.96,1.5842,1.4025
85.6,60.0,90.0,0.0,35.306,100.0,1.1,0.001154,14.725,10.178,6.4965,297.97,1.5931,1.4047
85.8,60.0,90.0,0.0,37.254,100.0,1.1,0.0011129,14.757,10.214,6.4838,297.97,1.5818,1.4068
86.0,60.0,90.0,0.0,44.233,100.0,1.1,0.00111,14.762,10.251,6.4771,297.97,1.5749,1.4089
86.2,60.0,90.0,0.0,53.901,100.0,1.1,0.0011115,14.789,10.287,6.4791,297.98,1.5507,1.411
86.4,60.0,90.0,0.0,62.766,100.0,1.1,0.0011106,14.797,10.322,6.485,297.98,1.543,1.4131
86.6,60.0,90.0,0.0,69.271,100.0,1.1,0.0010953,14.795,10.358,6.4941,297.97,1.5487,1.4152
86.8,60.0,90.0,0.0,72.141,100.0,1.1,0.001105,14.784,10.393,6.5043,297.97,1.5481,1.4173
87.0,60.0,90.0,0.0,70.942,100.0,1.1,0.0011037,14.784,10.428,6.5136,297.97,1.5419,1.4194
87.2,60.0,90.0,0.0,66.02,100.0,1.1,0.0010846,14.79,10.463,6.5194,297.97,1.5348,1.4215
87.4,60.0,90.0,0.0,58.793,100.0,1.1,0.0011158,14.726,10.499,6.5182,297.97,1.5541,1.4236
87.6,60.0,90.0,0.0,52.064,100.0,1.1,0.0011585,14.645,10.536,6.5094,297.98,1.5851,1.4257
87.8,60.0,90.0,0.0,48.863,100.0,1.1,0.0011682,14.619,10.573,6.5,297.99,1.5949,1.4279
88.0,60.0,90.0,0.0,49.398,100.0,1.1,0.0011738,14.595,10.611,6.4928,298.0,1.5998,1.4301
88.2,60.0,90.0,0.0,52.778,100.0,1.1,0.0011557,14.611,10.647,6.4875,298.0,1.5928,1.4323
88.4,60.0,90.0,0.0,58.293,100.0,1.1,0.0012053,14.546,10.685,6.4853,298.01,1.6152,1.4345
88.6,60.0,90.0,0.0,64.675,100.0,1.1,0.0012085,14.54,10.722,6.4877,298.02,1.6219,1.4368
88.8,60.0,90.0,0.0,70.112,100.0,1.1,0.0012328,14.534,10.759,6.4938,298.02,1.6147,1.4391
89.0,60.0,90.0,0.0,73.12,100.0,1.1,0.0012098,14.55,10.796,6.5024,298.02,1.606,1.4414
89.2,60.0,90.0,0.0,72.659,100.0,1.1,0.0012092,14.527,10.833,6.5094,298.02,1.6135,1.4437
89.4,60.0,90.0,0.0,69.412,100.0,1.1,0.0011912,14.538,10.869,6.516,298.01,1.6045,1.446
89.6,60.0,90.0,0.0,63.533,100.0,1.1,0.0012102,14.481,10.907,6.5179,298.02,1.624,1.4482
89.8,60.0,90.0,0.0,56.917,100.0,1.1,0.0012372,14.424,10.945,6.5152,298.02,1.6416,1.4505
90.0,60.0,90.0,0.0,51.361,100.0,1.1,0.0012745,14.354,10.984,6.5085,298.03,1.6634,1.4529
90.2,75.0,90.0,0.0,48.498,100.0,1.1,0.001265,14.735,11.023,6.5016,298.03,1.5919,1.4814
90.4,75.0,90.0,0.0,48.388,100.0,1.1,0.0012526,14.736,11.061,6.4943,298.03,1.529,1.4638
90.6,75.0,90.0,0.0,51.19,100.0,1.1,0.0012723,14.712,11.1,6.4919,298.04,1.526,1.465
90.8,75.0,90.0,0.0,54.933,100.0,1.1,0.0012787,14.703,11.138,6.4947,298.04,1.5251,1.4673
91.0,75.0,90.0,0.0,57.547,100.0,1.1,0.0012933,14.697,11.177,6.498,298.03,1.5204,1.4698
91.2,75.0,90.0,0.0,58.85,100.0,1.1,0.001317,14.658,11.216,6.4996,298.03,1.5397,1.4722
91.4,75.0,90.0,0.0,59.544,100.0,1.1,0.0012991,14.657,11.255,6.5042,298.02,1.5477,1.4746
91.6,75.0,90.0,0.0,58.366,100.0,1.1,0.0012686,14.691,11.293,6.5081,298.02,1.5206,1.477
91.8,75.0,90.0,0.0,55.654,100.0,1.1,0.0012492,14.692,11.331,6.5109,298.01,1.5194,1.4794
92.0,75.0,90.0,0.0,51.815,100.0,1.1,0.0012802,14.648,11.37,6.5092,298.01,1.5239,1.4817
92.2,75.0,90.0,0.0,48.672,100.0,1.1,0.001295,14.621,11.408,6.5063,298.01,1.5282,1.4841
92.4,75.0,90.0,0.0,46.661,100.0,1.1,0.0013014,14.604,11.447,6.5016,298.01,1.5312,1.4866
92.6,75.0,90.0,0.0,46.538,100.0,1.1,0.0013064,14.601,11.485,6.4979,298.02,1.5233,1.489
92.8,75.0,90.0,0.0,47.876,100.0,1.1,0.0012866,14.589,11.523,6.4958,298.02,1.5345,1.4914
93.0,75.0,90.0,0.0,50.07,100.0,1.1,0.0012614,14.601,11.561,6.4944,298.02,1.5324,1.4938
93.2,75.0,90.0,0.0,52.817,100.0,1.1,0.0012155,14.624,11.598,6.4947,298.01,1.5303,1.4961
93.4,75.0,90.0,0.0,55.446,100.0,1.1,0.0012284,14.606,11.636,6.496,298.01,1.5305,1.4984
93.6,75.0,90.0,0.0,57.561,100.0,1.1,0.0012033,14.626,11.673,6.5003,298.01,1.5167,1.5007
93.8,75.0,90.0,0.0,57.959,100.0,1.1,0.0012163,14.618,11.71,6.5057,298.0,1.5062,1.503
94.0,75.0,90.0,0.0,56.181,100.0,1.1,0.0011803,14.65,11.747,6.5116,298.0,1.4862,1.5053
94.2,75.0,90.0,0.0,52.072,100.0,1.1,0.0011939,14.593,11.784,6.5133,298.0,1.5164,1.5075
94.4,75.0,90.0,0.0,47.294,100.0,1.1,0.0011906,14.56,11.822,6.5105,298.0,1.5368,1.5098
94.6,75.0,90.0,0.0,43.621,100.0,1.1,0.0011669,14.55,11.859,6.5041,298.0,1.5455,1.512
94.8,75.0,90.0,0.0,42.513,100.0,1.1,0.0011517,14.539,11.896,6.4976,298.0,1.556,1.5143
95.0,75.0,90.0,0.0,43.975,100.0,1.1,0.0011501,14.522,11.933,6.4924,297.99,1.566,1.5165
95.2,75.0,90.0,0.0,47.549,100.0,1.1,0.0011524,14.502,11.97,6.4917,297.99,1.5806,1.5187
95.4,75.0,90.0,0.0,51.374,100.0,1.1,0.0011416,14.508,12.006,6.4948,297.99,1.58,1.5209
95.6,75.0,90.0,0.0,53.963,100.0,1.1,0.0011643,14.472,12.043,6.5009,297.99,1.5931,1.5231
95.8,75.0,90.0,0.0,54.133,100.0,1.1,0.0011739,14.44,12.08,6.5056,297.99,1.6091,1.5254
96.0,75.0,90.0,0.0,52.426,100.0,1.1,0.0011866,14.413,12.117,6.508,297.99,1.6222,1.5277
96.2,75.0,90.0,0.0,49.749,100.0,1.1,0.0011545,14.439,12.154,6.5089,297.99,1.6069,1.5299
96.4,75.0,90.0,0.0,46.731,100.0,1.1,0.0011467,14.432,12.19,6.5088,297.99,1.6076,1.5321
96.6,75.0,90.0,0.0,43.737,100.0,1.1,0.0011501,14.419,12.226,6.5039,297.99,1.6085,1.5343
96.8,75.0,90.0,0.0,42.7,100.0,1.1,0.0011269,14.426,12.263,6.4996,297.98,1.6052,1.5365
97.0,75.0,90.0,0.0,43.386,100.0,1.1,0.001113,14.419,12.299,6.4957,297.99,1.6086,1.5386
97.2,75.0,90.0,0.0,45.632,100.0,1.1,0.0011087,14.392,12.335,6.495,297.99,1.6334,1.5407
97.4,75.0,90.0,0.0,48.154,100.0,1.1,0.0011252,14.364,12.371,6.4966,297.99,1.6408,1.5429
97.6,75.0,90.0,0.0,50.013,100.0,1.1,0.0011298,14.355,12.408,6.501,298.0,1.6423,1.5451
97.8,75.0,90.0,0.0,50.141,100.0,1.1,0.0011239,14.343,12.444,6.5048,298.0,1.6465,1.5472
98.0,75.0,90.0,0.0,48.736,100.0,1.1,0.0011153,14.334,12.481,6.506,298.0,1.6466,1.5494
98.2,75.0,90.0,0.0,46.884,100.0,1.1,0.0011289,14.307,12.517,6.5059,298.0,1.6528,1.5516
98.4,75.0,90.0,0.0,45.052,100.0,1.1,0.001095,14.338,12.553,6.5056,297.99,1.6344,1.5537
98.6,75.0,90.0,0.0,43.332,100.0,1.1,0.0011006,14.307,12.59,6.5034,297.99,1.6468,1.5559
98.8,75.0,90.0,0.0,42.515,100.0,1.1,0.0011246,14.258,12.626,6.4992,297.99,1.6672,1.5581
99.0,75.0,90.0,0.0,43.363,100.0,1.1,0.0011244,14.245,12.663,6.4964,297.99,1.6727,1.5603
99.2,75.0,90.0,0.0,45.312,100.0,1.1,0.0011096,14.266,12.699,6.4978,297.99,1.659,1.5624
99.4,75.0,90.0,0.0,46.702,100.0,1.1,0.0011046,14.276,12.735,6.5007,297.99,1.645,1.5646
99.6,75.0,90.0,0.0,46.941,100.0,1.1,0.0010985,14.269,12.77,6.5029,297.98,1.6456,1.5668
99.8,75.0,90.0,0.0,46.311,100.0,1.1,0.0010957,14.247,12.806,6.5044,297.98,1.6562,1.5689
100.0,75.0,90.0,0.0,45.069,100.0,1.1,0.0010837,14.245,12.841,6.5043,297.98,1.6563,1.5711
